generation,min,max,mean,stdev
0,759.8978989413912,1007.8173123830821,885.9510878295439,52.84296190464226
1,755.3460560577163,1015.9982897415948,880.5512341528251,54.924804466438275
